timestamp,cycle,z0_occ,z1_occ,z2_occ,z3_occ,algorithm,f1,f2,f3,f4,l1,l2,l3,l4,power_w,time_ms,sent_to_hw
2026-06-23T12:26:34.338002,1,0,0,0,0,Greedy,0,0,0,0,0,0,0,0,0,0,0,0,0,0,0,0,0,0,0,0,0,0.48,1
2026-06-23T12:26:34.355256,1,0,0,0,0,ILP,0,0,0,0,0,0,0,0,0,0,0,0,0,0,0,0,0,0,0,0,0,17.09,0
2026-06-23T12:26:34.355592,1,0,0,0,0,GA,0,0,0,0,0,0,0,0,0,0,0,0,0,0,0,0,0,0,0,0,0,0.24,0
2026-06-23T12:26:34.356840,1,0,0,0,0,PPO,0,0,0,0,0,0,0,0,0,1.18,0
2026-06-23T12:26:37.619165,2,0,0,0,0,Greedy,0,0,0,0,0,0,0,0,0,0,0,0,0,0,0,0,0,0,0,0,0,0.01,1
2026-06-23T12:26:37.619255,2,0,0,0,0,ILP,0,0,0,0,0,0,0,0,0,0,0,0,0,0,0,0,0,0,0,0,0,0.01,0
2026-06-23T12:26:37.619293,2,0,0,0,0,GA,0,0,0,0,0,0,0,0,0,0,0,0,0,0,0,0,0,0,0,0,0,0.01,0
2026-06-23T12:26:37.619975,2,0,0,0,0,PPO,0,0,0,0,0,0,0,0,0,0.64,0
2026-06-23T12:26:40.840479,3,0,0,0,0,Greedy,0,0,0,0,0,0,0,0,0,0,0,0,0,0,0,0,0,0,0,0,0,0.01,1
2026-06-23T12:26:40.840570,3,0,0,0,0,ILP,0,0,0,0,0,0,0,0,0,0,0,0,0,0,0,0,0,0,0,0,0,0.01,0
2026-06-23T12:26:40.840613,3,0,0,0,0,GA,0,0,0,0,0,0,0,0,0,0,0,0,0,0,0,0,0,0,0,0,0,0.01,0
2026-06-23T12:26:40.841359,3,0,0,0,0,PPO,0,0,0,0,0,0,0,0,0,0.69,0
2026-06-23T12:26:44.092547,4,0,0,0,0,Greedy,0,0,0,0,0,0,0,0,0,0,0,0,0,0,0,0,0,0,0,0,0,0.01,1
2026-06-23T12:26:44.092645,4,0,0,0,0,ILP,0,0,0,0,0,0,0,0,0,0,0,0,0,0,0,0,0,0,0,0,0,0.01,0
2026-06-23T12:26:44.092683,4,0,0,0,0,GA,0,0,0,0,0,0,0,0,0,0,0,0,0,0,0,0,0,0,0,0,0,0.01,0
2026-06-23T12:26:44.093588,4,0,0,0,0,PPO,0,0,0,0,0,0,0,0,0,0.85,0
2026-06-23T12:26:47.315509,5,0,0,0,0,Greedy,0,0,0,1,0,0,0,0,0,0,0,0,0,1,0,0,0,0,0,0,115.0,0.18,1
2026-06-23T12:26:47.325766,5,0,0,0,0,ILP,0,0,0,0,0,0,0,0,0,0,0,0,0,0,0,0,0,1,0,0,40.0,10.11,0
2026-06-23T12:26:47.398794,5,0,0,0,0,GA,0,0,0,0,0,0,0,0,0,0,0,0,0,1,0,0,0,0,0,0,40.0,72.91,0
2026-06-23T12:26:47.399614,5,0,0,0,0,PPO,0,0,0,0,0,0,0,0,0,0.68,0
2026-06-23T12:26:50.631766,6,0,0,0,0,Greedy,0,0,0,1,0,0,0,0,0,0,0,0,0,1,0,0,0,0,0,0,115.0,0.12,1
2026-06-23T12:26:50.638777,6,0,0,0,0,ILP,0,0,0,0,0,0,0,0,0,0,0,0,0,0,0,0,0,1,0,0,40.0,6.85,0
2026-06-23T12:26:50.713088,6,0,0,0,0,GA,0,0,0,0,0,0,0,0,0,0,0,0,0,0,0,0,0,0,0,1,40.0,74.16,0
2026-06-23T12:26:50.713878,6,0,0,0,0,PPO,0,0,0,0,0,0,0,0,0,0.68,0
2026-06-23T12:26:53.928865,7,0,0,0,0,Greedy,0,0,0,1,0,0,0,0,0,0,0,0,0,1,0,0,0,0,0,0,115.0,0.11,1
2026-06-23T12:26:53.937597,7,0,0,0,0,ILP,0,0,0,0,0,0,0,0,0,0,0,0,0,0,0,0,0,1,0,0,40.0,8.61,0
2026-06-23T12:26:54.009967,7,0,0,0,0,GA,0,0,0,0,0,0,0,0,0,0,0,0,0,0,0,0,0,0,0,1,40.0,72.23,0
2026-06-23T12:26:54.010774,7,0,0,0,0,PPO,0,0,0,0,0,0,0,0,0,0.69,0
2026-06-23T12:26:57.241513,8,0,0,0,0,Greedy,0,0,0,0,0,0,0,0,0,0,0,0,0,0,0,0,0,0,0,0,0,0.01,1
2026-06-23T12:26:57.241603,8,0,0,0,0,ILP,0,0,0,0,0,0,0,0,0,0,0,0,0,0,0,0,0,0,0,0,0,0.01,0
2026-06-23T12:26:57.241641,8,0,0,0,0,GA,0,0,0,0,0,0,0,0,0,0,0,0,0,0,0,0,0,0,0,0,0,0.01,0
2026-06-23T12:26:57.242333,8,0,0,0,0,PPO,0,0,0,0,0,0,0,0,0,0.64,0
2026-06-23T12:27:00.470111,9,0,0,0,0,Greedy,0,0,0,0,0,0,0,0,0,0,0,0,0,0,0,0,0,0,0,0,0,0.01,1
2026-06-23T12:27:00.470202,9,0,0,0,0,ILP,0,0,0,0,0,0,0,0,0,0,0,0,0,0,0,0,0,0,0,0,0,0.01,0
2026-06-23T12:27:00.470242,9,0,0,0,0,GA,0,0,0,0,0,0,0,0,0,0,0,0,0,0,0,0,0,0,0,0,0,0.01,0
2026-06-23T12:27:00.471003,9,0,0,0,0,PPO,0,0,0,0,0,0,0,0,0,0.71,0
2026-06-23T12:27:03.685565,10,0,0,0,0,Greedy,0,0,0,0,0,0,0,0,0,0,0,0,0,0,0,0,0,0,0,0,0,0.01,1
2026-06-23T12:27:03.685655,10,0,0,0,0,ILP,0,0,0,0,0,0,0,0,0,0,0,0,0,0,0,0,0,0,0,0,0,0.01,0
2026-06-23T12:27:03.685697,10,0,0,0,0,GA,0,0,0,0,0,0,0,0,0,0,0,0,0,0,0,0,0,0,0,0,0,0.01,0
2026-06-23T12:27:03.686395,10,0,0,0,0,PPO,0,0,0,0,0,0,0,0,0,0.65,0
2026-06-23T12:27:06.904729,11,0,0,0,0,Greedy,0,0,0,0,0,0,0,0,0,0,0,0,0,0,0,0,0,0,0,0,0,0.01,1
2026-06-23T12:27:06.904828,11,0,0,0,0,ILP,0,0,0,0,0,0,0,0,0,0,0,0,0,0,0,0,0,0,0,0,0,0.01,0
2026-06-23T12:27:06.904876,11,0,0,0,0,GA,0,0,0,0,0,0,0,0,0,0,0,0,0,0,0,0,0,0,0,0,0,0.01,0
2026-06-23T12:27:06.905653,11,0,0,0,0,PPO,0,0,0,0,0,0,0,0,0,0.72,0
2026-06-23T12:27:10.134699,12,0,0,0,0,Greedy,0,0,0,0,0,0,0,0,0,0,0,0,0,0,0,0,0,0,0,0,0,0.01,1
2026-06-23T12:27:10.134789,12,0,0,0,0,ILP,0,0,0,0,0,0,0,0,0,0,0,0,0,0,0,0,0,0,0,0,0,0.01,0
2026-06-23T12:27:10.134847,12,0,0,0,0,GA,0,0,0,0,0,0,0,0,0,0,0,0,0,0,0,0,0,0,0,0,0,0.01,0
2026-06-23T12:27:10.135594,12,0,0,0,0,PPO,0,0,0,0,0,0,0,0,0,0.69,0
2026-06-23T12:27:13.359387,13,0,0,0,0,Greedy,0,0,0,0,0,0,0,0,0,0,0,0,0,0,0,0,0,0,0,0,0,0.02,1
2026-06-23T12:27:13.359511,13,0,0,0,0,ILP,0,0,0,0,0,0,0,0,0,0,0,0,0,0,0,0,0,0,0,0,0,0.01,0
2026-06-23T12:27:13.359567,13,0,0,0,0,GA,0,0,0,0,0,0,0,0,0,0,0,0,0,0,0,0,0,0,0,0,0,0.01,0
2026-06-23T12:27:13.360481,13,0,0,0,0,PPO,0,0,0,0,0,0,0,0,0,0.85,0
2026-06-23T12:27:16.607062,14,0,0,0,0,Greedy,0,0,0,0,0,0,0,0,0,0,0,0,0,0,0,0,0,0,0,0,0,0.01,1
2026-06-23T12:27:16.607230,14,0,0,0,0,ILP,0,0,0,0,0,0,0,0,0,0,0,0,0,0,0,0,0,0,0,0,0,0.01,0
2026-06-23T12:27:16.607301,14,0,0,0,0,GA,0,0,0,0,0,0,0,0,0,0,0,0,0,0,0,0,0,0,0,0,0,0.01,0
2026-06-23T12:27:16.608679,14,0,0,0,0,PPO,0,0,0,0,0,0,0,0,0,1.3,0
2026-06-23T12:27:19.837786,15,0,0,0,0,Greedy,0,0,0,0,0,0,0,0,0,0,0,0,0,0,0,0,0,0,0,0,0,0.02,1
2026-06-23T12:27:19.837873,15,0,0,0,0,ILP,0,0,0,0,0,0,0,0,0,0,0,0,0,0,0,0,0,0,0,0,0,0.01,0
2026-06-23T12:27:19.837914,15,0,0,0,0,GA,0,0,0,0,0,0,0,0,0,0,0,0,0,0,0,0,0,0,0,0,0,0.01,0
2026-06-23T12:27:19.838653,15,0,0,0,0,PPO,0,0,0,0,0,0,0,0,0,0.69,0
2026-06-23T12:27:23.072014,16,0,0,0,0,Greedy,0,0,0,0,0,0,0,0,0,0,0,0,0,0,0,0,0,0,0,0,0,0.01,1
2026-06-23T12:27:23.072112,16,0,0,0,0,ILP,0,0,0,0,0,0,0,0,0,0,0,0,0,0,0,0,0,0,0,0,0,0.01,0
2026-06-23T12:27:23.072152,16,0,0,0,0,GA,0,0,0,0,0,0,0,0,0,0,0,0,0,0,0,0,0,0,0,0,0,0.01,0
2026-06-23T12:27:23.072889,16,0,0,0,0,PPO,0,0,0,0,0,0,0,0,0,0.69,0
2026-06-23T12:27:26.309777,17,0,0,0,0,Greedy,0,0,0,0,0,0,0,0,0,0,0,0,0,0,0,0,0,0,0,0,0,0.01,1
2026-06-23T12:27:26.309868,17,0,0,0,0,ILP,0,0,0,0,0,0,0,0,0,0,0,0,0,0,0,0,0,0,0,0,0,0.01,0
2026-06-23T12:27:26.309907,17,0,0,0,0,GA,0,0,0,0,0,0,0,0,0,0,0,0,0,0,0,0,0,0,0,0,0,0.01,0
2026-06-23T12:27:26.310666,17,0,0,0,0,PPO,0,0,0,0,0,0,0,0,0,0.71,0
2026-06-23T12:27:29.537442,18,0,0,0,0,Greedy,0,0,0,0,0,0,0,0,0,0,0,0,0,0,0,0,0,0,0,0,0,0.01,1
2026-06-23T12:27:29.537543,18,0,0,0,0,ILP,0,0,0,0,0,0,0,0,0,0,0,0,0,0,0,0,0,0,0,0,0,0.01,0
2026-06-23T12:27:29.537601,18,0,0,0,0,GA,0,0,0,0,0,0,0,0,0,0,0,0,0,0,0,0,0,0,0,0,0,0.01,0
2026-06-23T12:27:29.538387,18,0,0,0,0,PPO,0,0,0,0,0,0,0,0,0,0.72,0
2026-06-23T12:27:32.766584,19,0,0,0,0,Greedy,0,0,0,0,0,0,0,0,0,0,0,0,0,0,0,0,0,0,0,0,0,0.01,1
2026-06-23T12:27:32.766696,19,0,0,0,0,ILP,0,0,0,0,0,0,0,0,0,0,0,0,0,0,0,0,0,0,0,0,0,0.01,0
2026-06-23T12:27:32.766755,19,0,0,0,0,GA,0,0,0,0,0,0,0,0,0,0,0,0,0,0,0,0,0,0,0,0,0,0.01,0
2026-06-23T12:27:32.767834,19,0,0,0,0,PPO,0,0,0,0,0,0,0,0,0,1.0,0
2026-06-23T12:27:36.006250,20,0,0,0,0,Greedy,0,0,0,0,0,0,0,0,0,0,0,0,0,0,0,0,0,0,0,0,0,0.01,1
2026-06-23T12:27:36.006338,20,0,0,0,0,ILP,0,0,0,0,0,0,0,0,0,0,0,0,0,0,0,0,0,0,0,0,0,0.01,0
2026-06-23T12:27:36.006378,20,0,0,0,0,GA,0,0,0,0,0,0,0,0,0,0,0,0,0,0,0,0,0,0,0,0,0,0.01,0
2026-06-23T12:27:36.007107,20,0,0,0,0,PPO,0,0,0,0,0,0,0,0,0,0.68,0
2026-06-23T12:27:39.249894,21,0,0,0,0,Greedy,0,0,0,0,0,0,0,0,0,0,0,0,0,0,0,0,0,0,0,0,0,0.01,1
2026-06-23T12:27:39.249986,21,0,0,0,0,ILP,0,0,0,0,0,0,0,0,0,0,0,0,0,0,0,0,0,0,0,0,0,0.01,0
2026-06-23T12:27:39.250039,21,0,0,0,0,GA,0,0,0,0,0,0,0,0,0,0,0,0,0,0,0,0,0,0,0,0,0,0.01,0
2026-06-23T12:27:39.250694,21,0,0,0,0,PPO,0,0,0,0,0,0,0,0,0,0.6,0
2026-06-23T12:27:42.494250,22,0,0,0,0,Greedy,0,0,0,0,0,0,0,0,0,0,0,0,0,0,0,0,0,0,0,0,0,0.01,1
2026-06-23T12:27:42.494337,22,0,0,0,0,ILP,0,0,0,0,0,0,0,0,0,0,0,0,0,0,0,0,0,0,0,0,0,0.01,0
2026-06-23T12:27:42.494379,22,0,0,0,0,GA,0,0,0,0,0,0,0,0,0,0,0,0,0,0,0,0,0,0,0,0,0,0.01,0
2026-06-23T12:27:42.495081,22,0,0,0,0,PPO,0,0,0,0,0,0,0,0,0,0.65,0
2026-06-23T12:27:45.711110,23,0,0,0,0,Greedy,0,0,0,0,0,0,0,0,0,0,0,0,0,0,0,0,0,0,0,0,0,0.01,1
2026-06-23T12:27:45.711206,23,0,0,0,0,ILP,0,0,0,0,0,0,0,0,0,0,0,0,0,0,0,0,0,0,0,0,0,0.01,0
2026-06-23T12:27:45.711248,23,0,0,0,0,GA,0,0,0,0,0,0,0,0,0,0,0,0,0,0,0,0,0,0,0,0,0,0.01,0
2026-06-23T12:27:45.711956,23,0,0,0,0,PPO,0,0,0,0,0,0,0,0,0,0.66,0
2026-06-23T12:27:48.927676,24,0,0,0,0,Greedy,0,0,0,0,0,0,0,0,0,0,0,0,0,0,0,0,0,0,0,0,0,0.01,1
2026-06-23T12:27:48.927771,24,0,0,0,0,ILP,0,0,0,0,0,0,0,0,0,0,0,0,0,0,0,0,0,0,0,0,0,0.01,0
2026-06-23T12:27:48.927827,24,0,0,0,0,GA,0,0,0,0,0,0,0,0,0,0,0,0,0,0,0,0,0,0,0,0,0,0.01,0
2026-06-23T12:27:48.928596,24,0,0,0,0,PPO,0,0,0,0,0,0,0,0,0,0.72,0
2026-06-23T12:27:52.157093,25,0,0,0,0,Greedy,0,0,0,0,0,0,0,0,0,0,0,0,0,0,0,0,0,0,0,0,0,0.02,1
2026-06-23T12:27:52.157254,25,0,0,0,0,ILP,0,0,0,0,0,0,0,0,0,0,0,0,0,0,0,0,0,0,0,0,0,0.01,0
2026-06-23T12:27:52.157294,25,0,0,0,0,GA,0,0,0,0,0,0,0,0,0,0,0,0,0,0,0,0,0,0,0,0,0,0.01,0
2026-06-23T12:27:52.158345,25,0,0,0,0,PPO,0,0,0,0,0,0,0,0,0,0.99,0
2026-06-23T12:27:55.374075,26,0,0,0,0,Greedy,0,0,0,0,0,0,0,0,0,0,0,0,0,0,0,0,0,0,0,0,0,0.01,1
2026-06-23T12:27:55.374168,26,0,0,0,0,ILP,0,0,0,0,0,0,0,0,0,0,0,0,0,0,0,0,0,0,0,0,0,0.01,0
2026-06-23T12:27:55.374208,26,0,0,0,0,GA,0,0,0,0,0,0,0,0,0,0,0,0,0,0,0,0,0,0,0,0,0,0.01,0
2026-06-23T12:27:55.374859,26,0,0,0,0,PPO,0,0,0,0,0,0,0,0,0,0.6,0
2026-06-23T12:27:58.607308,27,0,0,0,0,Greedy,0,0,0,0,0,0,0,0,0,0,0,0,0,0,0,0,0,0,0,0,0,0.01,1
2026-06-23T12:27:58.607410,27,0,0,0,0,ILP,0,0,0,0,0,0,0,0,0,0,0,0,0,0,0,0,0,0,0,0,0,0.01,0
2026-06-23T12:27:58.607450,27,0,0,0,0,GA,0,0,0,0,0,0,0,0,0,0,0,0,0,0,0,0,0,0,0,0,0,0.01,0
2026-06-23T12:27:58.608169,27,0,0,0,0,PPO,0,0,0,0,0,0,0,0,0,0.67,0
2026-06-23T12:28:01.868381,28,0,0,0,0,Greedy,0,0,0,0,0,0,0,0,0,0,0,0,0,0,0,0,0,0,0,0,0,0.01,1
2026-06-23T12:28:01.868476,28,0,0,0,0,ILP,0,0,0,0,0,0,0,0,0,0,0,0,0,0,0,0,0,0,0,0,0,0.01,0
2026-06-23T12:28:01.868572,28,0,0,0,0,GA,0,0,0,0,0,0,0,0,0,0,0,0,0,0,0,0,0,0,0,0,0,0.07,0
2026-06-23T12:28:01.869331,28,0,0,0,0,PPO,0,0,0,0,0,0,0,0,0,0.71,0
2026-06-23T12:28:05.119693,29,0,0,0,0,Greedy,0,0,0,0,0,0,0,0,0,0,0,0,0,0,0,0,0,0,0,0,0,0.01,1
2026-06-23T12:28:05.119789,29,0,0,0,0,ILP,0,0,0,0,0,0,0,0,0,0,0,0,0,0,0,0,0,0,0,0,0,0.01,0
2026-06-23T12:28:05.119831,29,0,0,0,0,GA,0,0,0,0,0,0,0,0,0,0,0,0,0,0,0,0,0,0,0,0,0,0.01,0
2026-06-23T12:28:05.120530,29,0,0,0,0,PPO,0,0,0,0,0,0,0,0,0,0.65,0
2026-06-23T12:28:08.336499,30,0,0,0,0,Greedy,0,0,0,0,0,0,0,0,0,0,0,0,0,0,0,0,0,0,0,0,0,0.01,1
2026-06-23T12:28:08.336601,30,0,0,0,0,ILP,0,0,0,0,0,0,0,0,0,0,0,0,0,0,0,0,0,0,0,0,0,0.01,0
2026-06-23T12:28:08.336655,30,0,0,0,0,GA,0,0,0,0,0,0,0,0,0,0,0,0,0,0,0,0,0,0,0,0,0,0.01,0
2026-06-23T12:28:08.337650,30,0,0,0,0,PPO,0,0,0,0,0,0,0,0,0,0.94,0
2026-06-23T12:28:11.558909,31,0,0,0,0,Greedy,0,0,0,0,0,0,0,0,0,0,0,0,0,0,0,0,0,0,0,0,0,0.01,1
2026-06-23T12:28:11.558999,31,0,0,0,0,ILP,0,0,0,0,0,0,0,0,0,0,0,0,0,0,0,0,0,0,0,0,0,0.01,0
2026-06-23T12:28:11.559049,31,0,0,0,0,GA,0,0,0,0,0,0,0,0,0,0,0,0,0,0,0,0,0,0,0,0,0,0.01,0
2026-06-23T12:28:11.559728,31,0,0,0,0,PPO,0,0,0,0,0,0,0,0,0,0.63,0
2026-06-23T12:28:14.801651,32,0,0,0,0,Greedy,0,0,0,0,0,0,0,0,0,0,0,0,0,0,0,0,0,0,0,0,0,0.01,1
2026-06-23T12:28:14.801749,32,0,0,0,0,ILP,0,0,0,0,0,0,0,0,0,0,0,0,0,0,0,0,0,0,0,0,0,0.01,0
2026-06-23T12:28:14.801791,32,0,0,0,0,GA,0,0,0,0,0,0,0,0,0,0,0,0,0,0,0,0,0,0,0,0,0,0.01,0
2026-06-23T12:28:14.802461,32,0,0,0,0,PPO,0,0,0,0,0,0,0,0,0,0.62,0
2026-06-23T12:28:18.021448,33,0,0,0,0,Greedy,0,0,0,0,0,0,0,0,0,0,0,0,0,0,0,0,0,0,0,0,0,0.01,1
2026-06-23T12:28:18.021535,33,0,0,0,0,ILP,0,0,0,0,0,0,0,0,0,0,0,0,0,0,0,0,0,0,0,0,0,0.01,0
2026-06-23T12:28:18.021573,33,0,0,0,0,GA,0,0,0,0,0,0,0,0,0,0,0,0,0,0,0,0,0,0,0,0,0,0.01,0
2026-06-23T12:28:18.022250,33,0,0,0,0,PPO,0,0,0,0,0,0,0,0,0,0.63,0
2026-06-23T12:28:21.259600,34,0,0,0,0,Greedy,0,0,0,1,0,0,0,0,0,0,0,0,0,1,0,0,0,0,0,0,115.0,0.12,1
2026-06-23T12:28:21.267841,34,0,0,0,0,ILP,0,0,0,0,0,0,0,0,0,0,0,0,0,0,0,0,0,1,0,0,40.0,8.06,0
2026-06-23T12:28:21.371631,34,0,0,0,0,GA,0,0,0,0,0,0,0,0,0,0,0,0,0,0,0,0,0,0,0,1,40.0,103.61,0
2026-06-23T12:28:21.372603,34,0,0,0,0,PPO,0,0,0,0,0,0,0,0,0,0.83,0
2026-06-23T12:28:24.603052,35,0,0,0,0,Greedy,0,0,0,1,0,0,0,0,0,0,0,0,0,1,0,0,0,0,0,0,115.0,0.11,1
2026-06-23T12:28:24.612840,35,0,0,0,0,ILP,0,0,0,0,0,0,0,0,0,0,0,0,0,0,0,0,0,1,0,0,40.0,9.66,0
2026-06-23T12:28:24.688659,35,0,0,0,0,GA,0,0,0,0,0,0,0,0,0,0,0,0,0,0,0,0,1,0,0,0,40.0,75.68,0
2026-06-23T12:28:24.689502,35,0,0,0,0,PPO,0,0,0,0,0,0,0,0,0,0.72,0
2026-06-23T12:28:27.915973,36,0,0,0,0,Greedy,0,0,0,1,0,0,0,0,0,0,0,0,0,1,0,0,0,0,0,0,115.0,0.12,1
2026-06-23T12:28:27.923366,36,0,0,0,0,ILP,0,0,0,0,0,0,0,0,0,0,0,0,0,0,0,0,0,1,0,0,40.0,7.22,0
2026-06-23T12:28:27.995800,36,0,0,0,0,GA,0,0,0,0,0,0,0,0,0,0,0,0,0,0,0,0,1,0,0,0,40.0,72.29,0
2026-06-23T12:28:27.996530,36,0,0,0,0,PPO,0,0,0,0,0,0,0,0,0,0.62,0
2026-06-23T12:28:31.229403,37,0,0,0,0,Greedy,0,0,0,1,0,0,0,0,0,0,0,0,0,1,0,0,0,0,0,0,115.0,0.16,1
2026-06-23T12:28:31.237433,37,0,0,0,0,ILP,0,0,0,0,0,0,0,0,0,0,0,0,0,0,0,0,0,1,0,0,40.0,7.9,0
2026-06-23T12:28:31.310025,37,0,0,0,0,GA,0,0,0,0,0,0,0,0,0,0,0,0,0,0,0,0,0,0,0,1,40.0,72.46,0
2026-06-23T12:28:31.310974,37,0,0,0,0,PPO,0,0,0,0,0,0,0,0,0,0.83,0
2026-06-23T12:28:34.543852,38,0,0,0,0,Greedy,0,0,0,1,0,0,0,0,0,0,0,0,0,1,0,0,0,0,0,0,115.0,0.12,1
2026-06-23T12:28:34.550271,38,0,0,0,0,ILP,0,0,0,0,0,0,0,0,0,0,0,0,0,0,0,0,0,1,0,0,40.0,6.29,0
2026-06-23T12:28:34.622724,38,0,0,0,0,GA,0,0,0,0,0,0,0,0,0,0,0,0,0,0,0,0,0,1,0,0,40.0,72.32,0
2026-06-23T12:28:34.623491,38,0,0,0,0,PPO,0,0,0,0,0,0,0,0,0,0.66,0
2026-06-23T12:28:37.859522,39,0,1,0,0,Greedy,1,0,0,1,0,0,0,0,0,0,1,0,0,1,0,0,0,0,0,0,230.0,0.19,1
2026-06-23T12:28:37.868721,39,0,1,0,0,ILP,0,0,0,0,0,0,0,0,0,0,0,0,0,0,0,1,0,1,0,0,80.0,9.08,0
2026-06-23T12:28:37.944749,39,0,1,0,0,GA,0,0,0,0,0,0,0,0,0,0,1,0,0,0,0,0,0,0,0,1,80.0,75.92,0
2026-06-23T12:28:37.945501,39,0,1,0,0,PPO,0,0,0,0,0,0,0,0,0,0.65,0
2026-06-23T12:28:41.164681,40,0,1,0,0,Greedy,1,0,0,1,0,0,0,0,0,0,1,0,0,1,0,0,0,0,0,0,230.0,0.18,1
2026-06-23T12:28:41.173368,40,0,1,0,0,ILP,0,0,0,0,0,0,0,0,0,0,0,0,0,0,0,1,0,1,0,0,80.0,8.57,0
2026-06-23T12:28:41.251867,40,0,1,0,0,GA,0,0,0,0,0,0,0,0,0,0,1,0,0,1,0,0,0,0,0,0,80.0,78.38,0
2026-06-23T12:28:41.252689,40,0,1,0,0,PPO,0,0,0,0,0,0,0,0,0,0.7,0
2026-06-23T12:28:44.485291,41,0,1,0,0,Greedy,1,0,0,1,0,0,0,0,0,0,1,0,0,1,0,0,0,0,0,0,230.0,0.19,1
2026-06-23T12:28:44.492430,41,0,1,0,0,ILP,0,0,0,0,0,0,0,0,0,0,0,0,0,0,0,1,0,1,0,0,80.0,6.99,0
2026-06-23T12:28:44.569116,41,0,1,0,0,GA,0,0,0,0,0,0,0,0,0,0,0,0,0,0,0,1,0,1,0,0,80.0,76.57,0
2026-06-23T12:28:44.569897,41,0,1,0,0,PPO,0,0,0,0,0,0,0,0,0,0.67,0
2026-06-23T12:28:47.792440,42,0,1,0,0,Greedy,1,0,0,1,0,0,0,0,0,0,1,0,0,1,0,0,0,0,0,0,230.0,0.2,1
2026-06-23T12:28:47.801778,42,0,1,0,0,ILP,0,0,0,0,0,0,0,0,0,0,0,0,0,0,0,1,0,1,0,0,80.0,9.21,0
2026-06-23T12:28:47.879385,42,0,1,0,0,GA,0,0,0,0,0,0,0,0,0,0,0,1,0,0,0,0,0,0,0,1,80.0,77.48,0
2026-06-23T12:28:47.880133,42,0,1,0,0,PPO,0,0,0,0,0,0,0,0,0,0.64,0
2026-06-23T12:28:51.159745,43,0,1,0,0,Greedy,1,0,0,1,0,0,0,0,0,0,1,0,0,1,0,0,0,0,0,0,230.0,0.18,1
2026-06-23T12:28:51.166423,43,0,1,0,0,ILP,0,0,0,0,0,0,0,0,0,0,0,0,0,0,0,1,0,1,0,0,80.0,6.56,0
2026-06-23T12:28:51.257006,43,0,1,0,0,GA,0,0,0,0,0,0,0,0,0,0,0,0,0,0,0,1,1,0,0,0,80.0,90.46,0
2026-06-23T12:28:51.257791,43,0,1,0,0,PPO,0,0,0,0,0,0,0,0,0,0.66,0
2026-06-23T12:28:54.477201,44,0,1,0,0,Greedy,1,0,0,1,0,0,0,0,0,0,1,0,0,1,0,0,0,0,0,0,230.0,0.19,1
2026-06-23T12:28:54.485548,44,0,1,0,0,ILP,0,0,0,0,0,0,0,0,0,0,0,0,0,0,0,1,0,1,0,0,80.0,8.23,0
2026-06-23T12:28:54.564128,44,0,1,0,0,GA,0,0,0,0,0,0,0,0,0,0,0,0,1,0,0,0,1,0,0,0,80.0,78.41,0
2026-06-23T12:28:54.564936,44,0,1,0,0,PPO,0,0,0,0,0,0,0,0,0,0.69,0
2026-06-23T12:28:57.779103,45,0,1,0,0,Greedy,1,0,0,1,0,0,0,0,0,0,1,0,0,1,0,0,0,0,0,0,230.0,0.19,1
2026-06-23T12:28:57.786007,45,0,1,0,0,ILP,0,0,0,0,0,0,0,0,0,0,0,0,0,0,0,1,0,1,0,0,80.0,6.77,0
2026-06-23T12:28:57.862775,45,0,1,0,0,GA,0,0,0,0,0,0,0,0,0,0,0,1,0,1,0,0,0,0,0,0,80.0,76.63,0
2026-06-23T12:28:57.863505,45,0,1,0,0,PPO,0,0,0,0,0,0,0,0,0,0.62,0
2026-06-23T12:29:01.083920,46,0,1,0,0,Greedy,1,0,0,1,0,0,0,0,0,0,1,0,0,1,0,0,0,0,0,0,230.0,0.18,1
2026-06-23T12:29:01.092929,46,0,1,0,0,ILP,0,0,0,0,0,0,0,0,0,0,0,0,0,0,0,1,0,1,0,0,80.0,8.85,0
2026-06-23T12:29:01.178920,46,0,1,0,0,GA,0,0,0,0,0,0,0,0,0,0,0,1,0,0,0,0,1,0,0,0,80.0,85.83,0
2026-06-23T12:29:01.179736,46,0,1,0,0,PPO,0,0,0,0,0,0,0,0,0,0.69,0
2026-06-23T12:29:04.401906,47,0,1,0,0,Greedy,1,0,0,1,0,0,0,0,0,0,1,0,0,1,0,0,0,0,0,0,230.0,0.18,1
2026-06-23T12:29:04.408123,47,0,1,0,0,ILP,0,0,0,0,0,0,0,0,0,0,0,0,0,0,0,1,0,1,0,0,80.0,6.07,0
2026-06-23T12:29:04.491492,47,0,1,0,0,GA,0,0,0,0,0,0,0,0,0,0,0,0,0,0,0,1,1,0,0,0,80.0,83.25,0
2026-06-23T12:29:04.492333,47,0,1,0,0,PPO,0,0,0,0,0,0,0,0,0,0.71,0
2026-06-23T12:29:07.717056,48,0,1,0,0,Greedy,1,0,0,1,0,0,0,0,0,0,1,0,0,1,0,0,0,0,0,0,230.0,0.18,1
2026-06-23T12:29:07.724526,48,0,1,0,0,ILP,0,0,0,0,0,0,0,0,0,0,0,0,0,0,0,1,0,1,0,0,80.0,7.35,0
2026-06-23T12:29:07.802474,48,0,1,0,0,GA,0,0,0,0,0,0,0,0,0,0,0,1,0,0,0,0,1,0,0,0,80.0,77.82,0
2026-06-23T12:29:07.803306,48,0,1,0,0,PPO,0,0,0,0,0,0,0,0,0,0.71,0
2026-06-23T12:29:11.015129,49,0,1,0,0,Greedy,1,0,0,1,0,0,0,0,0,0,1,0,0,1,0,0,0,0,0,0,230.0,0.2,1
2026-06-23T12:29:11.023358,49,0,1,0,0,ILP,0,0,0,0,0,0,0,0,0,0,0,0,0,0,0,1,0,1,0,0,80.0,8.11,0
2026-06-23T12:29:11.101625,49,0,1,0,0,GA,0,0,0,0,0,0,0,0,0,0,1,0,0,1,0,0,0,0,0,0,80.0,78.15,0
2026-06-23T12:29:11.102362,49,0,1,0,0,PPO,0,0,0,0,0,0,0,0,0,0.63,0
2026-06-23T12:29:14.319270,50,0,1,0,0,Greedy,1,0,0,1,0,0,0,0,0,0,1,0,0,1,0,0,0,0,0,0,230.0,0.19,1
2026-06-23T12:29:14.327997,50,0,1,0,0,ILP,0,0,0,0,0,0,0,0,0,0,0,0,0,0,0,1,0,1,0,0,80.0,8.61,0
2026-06-23T12:29:14.415393,50,0,1,0,0,GA,0,0,0,0,0,0,0,0,0,0,0,1,0,1,0,0,0,0,0,0,80.0,87.25,0
2026-06-23T12:29:14.416382,50,0,1,0,0,PPO,0,0,0,0,0,0,0,0,0,0.86,0
2026-06-23T12:29:17.733841,51,0,1,0,0,Greedy,1,0,0,1,0,0,0,0,0,0,1,0,0,1,0,0,0,0,0,0,230.0,0.19,1
2026-06-23T12:29:17.741784,51,0,1,0,0,ILP,0,0,0,0,0,0,0,0,0,0,0,0,0,0,0,1,0,1,0,0,80.0,7.72,0
2026-06-23T12:29:17.818753,51,0,1,0,0,GA,0,0,0,0,0,0,0,0,0,0,0,0,1,0,0,0,1,0,0,0,80.0,76.8,0
2026-06-23T12:29:17.819840,51,0,1,0,0,PPO,0,0,0,0,0,0,0,0,0,0.93,0
2026-06-23T12:29:21.056332,52,0,1,0,0,Greedy,1,0,0,1,0,0,0,0,0,0,1,0,0,1,0,0,0,0,0,0,230.0,0.18,1
2026-06-23T12:29:21.062767,52,0,1,0,0,ILP,0,0,0,0,0,0,0,0,0,0,0,0,0,0,0,1,0,1,0,0,80.0,6.32,0
2026-06-23T12:29:21.148167,52,0,1,0,0,GA,0,0,0,0,0,0,0,0,0,0,0,1,0,0,0,0,1,0,0,0,80.0,85.28,0
2026-06-23T12:29:21.148956,52,0,1,0,0,PPO,0,0,0,0,0,0,0,0,0,0.67,0
2026-06-23T12:29:24.377858,53,0,1,0,0,Greedy,1,0,0,0,0,0,0,0,0,0,1,0,0,0,0,0,0,0,0,0,115.0,0.11,1
2026-06-23T12:29:24.387047,53,0,1,0,0,ILP,0,0,0,0,0,0,0,0,0,0,0,0,0,0,0,1,0,0,0,0,40.0,9.02,0
2026-06-23T12:29:24.475684,53,0,1,0,0,GA,0,0,0,0,0,0,0,0,0,0,0,0,1,0,0,0,0,0,0,0,40.0,88.46,0
2026-06-23T12:29:24.476786,53,0,1,0,0,PPO,0,0,0,0,0,0,0,0,0,0.94,0
2026-06-23T12:29:27.712753,54,0,1,0,0,Greedy,1,0,0,0,0,0,0,0,0,0,1,0,0,0,0,0,0,0,0,0,115.0,0.12,1
2026-06-23T12:29:27.722557,54,0,1,0,0,ILP,0,0,0,0,0,0,0,0,0,0,0,0,0,0,0,1,0,0,0,0,40.0,9.68,0
2026-06-23T12:29:27.796225,54,0,1,0,0,GA,0,0,0,0,0,0,0,0,0,0,0,1,0,0,0,0,0,0,0,0,40.0,73.54,0
2026-06-23T12:29:27.796980,54,0,1,0,0,PPO,0,0,0,0,0,0,0,0,0,0.64,0
2026-06-23T12:29:31.009841,55,0,1,0,0,Greedy,1,0,0,0,0,0,0,0,0,0,1,0,0,0,0,0,0,0,0,0,115.0,0.12,1
2026-06-23T12:29:31.016628,55,0,1,0,0,ILP,0,0,0,0,0,0,0,0,0,0,0,0,0,0,0,1,0,0,0,0,40.0,6.63,0
2026-06-23T12:29:31.090486,55,0,1,0,0,GA,0,0,0,0,0,0,0,0,0,0,0,0,1,0,0,0,0,0,0,0,40.0,73.75,0
2026-06-23T12:29:31.091246,55,0,1,0,0,PPO,0,0,0,0,0,0,0,0,0,0.65,0
2026-06-23T12:29:34.396753,56,0,1,0,0,Greedy,1,0,0,0,0,0,0,0,0,0,1,0,0,0,0,0,0,0,0,0,115.0,0.15,1
2026-06-23T12:29:34.406733,56,0,1,0,0,ILP,0,0,0,0,0,0,0,0,0,0,0,0,0,0,0,1,0,0,0,0,40.0,9.83,0
2026-06-23T12:29:34.520588,56,0,1,0,0,GA,0,0,0,0,0,0,0,0,0,0,0,0,0,0,0,1,0,0,0,0,40.0,113.7,0
2026-06-23T12:29:34.521599,56,0,1,0,0,PPO,0,0,0,0,0,0,0,0,0,0.85,0
2026-06-23T12:29:37.827136,57,0,1,0,0,Greedy,1,0,0,0,0,0,0,0,0,0,1,0,0,0,0,0,0,0,0,0,115.0,0.16,1
2026-06-23T12:29:37.837580,57,0,1,0,0,ILP,0,0,0,0,0,0,0,0,0,0,0,0,0,0,0,1,0,0,0,0,40.0,10.26,0
2026-06-23T12:29:37.950475,57,0,1,0,0,GA,0,0,0,0,0,0,0,0,0,0,0,0,1,0,0,0,0,0,0,0,40.0,112.72,0
2026-06-23T12:29:37.951436,57,0,1,0,0,PPO,0,0,0,0,0,0,0,0,0,0.81,0
2026-06-23T12:29:41.251630,58,0,1,0,0,Greedy,1,0,0,0,0,0,0,0,0,0,1,0,0,0,0,0,0,0,0,0,115.0,0.15,1
2026-06-23T12:29:41.260963,58,0,1,0,0,ILP,0,0,0,0,0,0,0,0,0,0,0,0,0,0,0,1,0,0,0,0,40.0,9.18,0
2026-06-23T12:29:41.369298,58,0,1,0,0,GA,0,0,0,0,0,0,0,0,0,0,0,0,0,0,0,1,0,0,0,0,40.0,108.15,0
2026-06-23T12:29:41.370388,58,0,1,0,0,PPO,0,0,0,0,0,0,0,0,0,0.93,0
2026-06-23T12:29:44.678486,59,0,1,0,0,Greedy,1,0,0,0,0,0,0,0,0,0,1,0,0,0,0,0,0,0,0,0,115.0,0.15,1
2026-06-23T12:29:44.687448,59,0,1,0,0,ILP,0,0,0,0,0,0,0,0,0,0,0,0,0,0,0,1,0,0,0,0,40.0,8.79,0
2026-06-23T12:29:44.794376,59,0,1,0,0,GA,0,0,0,0,0,0,0,0,0,0,0,0,0,0,0,1,0,0,0,0,40.0,106.78,0
2026-06-23T12:29:44.795558,59,0,1,0,0,PPO,0,0,0,0,0,0,0,0,0,1.03,0
2026-06-23T12:29:48.181686,60,0,0,0,0,Greedy,0,0,0,0,0,0,0,0,0,0,0,0,0,0,0,0,0,0,0,0,0,0.02,1
2026-06-23T12:29:48.181846,60,0,0,0,0,ILP,0,0,0,0,0,0,0,0,0,0,0,0,0,0,0,0,0,0,0,0,0,0.01,0
2026-06-23T12:29:48.181914,60,0,0,0,0,GA,0,0,0,0,0,0,0,0,0,0,0,0,0,0,0,0,0,0,0,0,0,0.02,0
2026-06-23T12:29:48.183653,60,0,0,0,0,PPO,0,0,0,0,0,0,0,0,0,1.66,0
2026-06-23T12:29:51.481927,61,0,0,0,0,Greedy,0,0,0,0,0,0,0,0,0,0,0,0,0,0,0,0,0,0,0,0,0,0.02,1
2026-06-23T12:29:51.482080,61,0,0,0,0,ILP,0,0,0,0,0,0,0,0,0,0,0,0,0,0,0,0,0,0,0,0,0,0.01,0
2026-06-23T12:29:51.482161,61,0,0,0,0,GA,0,0,0,0,0,0,0,0,0,0,0,0,0,0,0,0,0,0,0,0,0,0.02,0
2026-06-23T12:29:51.483536,61,0,0,0,0,PPO,0,0,0,0,0,0,0,0,0,1.27,0
2026-06-23T12:29:54.887851,62,0,0,0,0,Greedy,0,0,0,0,0,0,0,0,0,0,0,0,0,0,0,0,0,0,0,0,0,0.02,1
2026-06-23T12:29:54.888011,62,0,0,0,0,ILP,0,0,0,0,0,0,0,0,0,0,0,0,0,0,0,0,0,0,0,0,0,0.01,0
2026-06-23T12:29:54.888106,62,0,0,0,0,GA,0,0,0,0,0,0,0,0,0,0,0,0,0,0,0,0,0,0,0,0,0,0.02,0
2026-06-23T12:29:54.889300,62,0,0,0,0,PPO,0,0,0,0,0,0,0,0,0,1.1,0
2026-06-23T12:29:58.224666,63,0,0,0,0,Greedy,0,0,0,0,0,0,0,0,0,0,0,0,0,0,0,0,0,0,0,0,0,0.02,1
2026-06-23T12:29:58.224788,63,0,0,0,0,ILP,0,0,0,0,0,0,0,0,0,0,0,0,0,0,0,0,0,0,0,0,0,0.01,0
2026-06-23T12:29:58.224849,63,0,0,0,0,GA,0,0,0,0,0,0,0,0,0,0,0,0,0,0,0,0,0,0,0,0,0,0.01,0
2026-06-23T12:29:58.225796,63,0,0,0,0,PPO,0,0,0,0,0,0,0,0,0,0.87,0
2026-06-23T12:30:01.545379,64,0,0,0,0,Greedy,0,0,0,0,0,0,0,0,0,0,0,0,0,0,0,0,0,0,0,0,0,0.01,1
2026-06-23T12:30:01.545498,64,0,0,0,0,ILP,0,0,0,0,0,0,0,0,0,0,0,0,0,0,0,0,0,0,0,0,0,0.01,0
2026-06-23T12:30:01.545549,64,0,0,0,0,GA,0,0,0,0,0,0,0,0,0,0,0,0,0,0,0,0,0,0,0,0,0,0.01,0
2026-06-23T12:30:01.546395,64,0,0,0,0,PPO,0,0,0,0,0,0,0,0,0,0.78,0
2026-06-23T12:30:04.869010,65,0,0,0,0,Greedy,0,0,0,0,0,0,0,0,0,0,0,0,0,0,0,0,0,0,0,0,0,0.02,1
2026-06-23T12:30:04.869133,65,0,0,0,0,ILP,0,0,0,0,0,0,0,0,0,0,0,0,0,0,0,0,0,0,0,0,0,0.01,0
2026-06-23T12:30:04.869185,65,0,0,0,0,GA,0,0,0,0,0,0,0,0,0,0,0,0,0,0,0,0,0,0,0,0,0,0.01,0
2026-06-23T12:30:04.870432,65,0,0,0,0,PPO,0,0,0,0,0,0,0,0,0,1.18,0
2026-06-23T12:30:08.177990,66,0,0,0,0,Greedy,0,0,0,0,0,0,0,0,0,0,0,0,0,0,0,0,0,0,0,0,0,0.02,1
2026-06-23T12:30:08.178133,66,0,0,0,0,ILP,0,0,0,0,0,0,0,0,0,0,0,0,0,0,0,0,0,0,0,0,0,0.01,0
2026-06-23T12:30:08.178200,66,0,0,0,0,GA,0,0,0,0,0,0,0,0,0,0,0,0,0,0,0,0,0,0,0,0,0,0.01,0
2026-06-23T12:30:08.179161,66,0,0,0,0,PPO,0,0,0,0,0,0,0,0,0,0.88,0
2026-06-23T12:30:11.498779,67,0,0,0,0,Greedy,0,0,0,0,0,0,0,0,0,0,0,0,0,0,0,0,0,0,0,0,0,0.02,1
2026-06-23T12:30:11.498897,67,0,0,0,0,ILP,0,0,0,0,0,0,0,0,0,0,0,0,0,0,0,0,0,0,0,0,0,0.01,0
2026-06-23T12:30:11.498954,67,0,0,0,0,GA,0,0,0,0,0,0,0,0,0,0,0,0,0,0,0,0,0,0,0,0,0,0.01,0
2026-06-23T12:30:11.499865,67,0,0,0,0,PPO,0,0,0,0,0,0,0,0,0,0.84,0
2026-06-23T12:30:14.803578,68,0,0,0,0,Greedy,0,0,0,0,0,0,0,0,0,0,0,0,0,0,0,0,0,0,0,0,0,0.02,1
2026-06-23T12:30:14.803696,68,0,0,0,0,ILP,0,0,0,0,0,0,0,0,0,0,0,0,0,0,0,0,0,0,0,0,0,0.01,0
2026-06-23T12:30:14.803751,68,0,0,0,0,GA,0,0,0,0,0,0,0,0,0,0,0,0,0,0,0,0,0,0,0,0,0,0.01,0
2026-06-23T12:30:14.804802,68,0,0,0,0,PPO,0,0,0,0,0,0,0,0,0,0.97,0
2026-06-23T12:30:18.112575,69,0,0,0,0,Greedy,0,0,0,0,0,0,0,0,0,0,0,0,0,0,0,0,0,0,0,0,0,0.02,1
2026-06-23T12:30:18.112705,69,0,0,0,0,ILP,0,0,0,0,0,0,0,0,0,0,0,0,0,0,0,0,0,0,0,0,0,0.01,0
2026-06-23T12:30:18.112760,69,0,0,0,0,GA,0,0,0,0,0,0,0,0,0,0,0,0,0,0,0,0,0,0,0,0,0,0.01,0
2026-06-23T12:30:18.113651,69,0,0,0,0,PPO,0,0,0,0,0,0,0,0,0,0.82,0
2026-06-23T12:30:21.574894,70,0,0,0,0,Greedy,0,0,0,0,0,0,0,0,0,0,0,0,0,0,0,0,0,0,0,0,0,0.02,1
2026-06-23T12:30:21.575030,70,0,0,0,0,ILP,0,0,0,0,0,0,0,0,0,0,0,0,0,0,0,0,0,0,0,0,0,0.01,0
2026-06-23T12:30:21.575093,70,0,0,0,0,GA,0,0,0,0,0,0,0,0,0,0,0,0,0,0,0,0,0,0,0,0,0,0.02,0
2026-06-23T12:30:21.577315,70,0,0,0,0,PPO,0,0,0,0,0,0,0,0,0,2.13,0
2026-06-23T12:30:24.894940,71,0,0,0,0,Greedy,0,0,0,0,0,0,0,0,0,0,0,0,0,0,0,0,0,0,0,0,0,0.02,1
2026-06-23T12:30:24.895070,71,0,0,0,0,ILP,0,0,0,0,0,0,0,0,0,0,0,0,0,0,0,0,0,0,0,0,0,0.02,0
2026-06-23T12:30:24.895153,71,0,0,0,0,GA,0,0,0,0,0,0,0,0,0,0,0,0,0,0,0,0,0,0,0,0,0,0.02,0
2026-06-23T12:30:24.896067,71,0,0,0,0,PPO,0,0,0,0,0,0,0,0,0,0.82,0
2026-06-23T12:30:28.186961,72,0,0,0,0,Greedy,0,0,0,0,0,0,0,0,0,0,0,0,0,0,0,0,0,0,0,0,0,0.02,1
2026-06-23T12:30:28.187106,72,0,0,0,0,ILP,0,0,0,0,0,0,0,0,0,0,0,0,0,0,0,0,0,0,0,0,0,0.01,0
2026-06-23T12:30:28.189165,72,0,0,0,0,GA,0,0,0,0,0,0,0,0,0,0,0,0,0,0,0,0,0,0,0,0,0,0.03,0
2026-06-23T12:30:28.190152,72,0,0,0,0,PPO,0,0,0,0,0,0,0,0,0,0.88,0
2026-06-23T12:30:31.482470,73,0,0,0,0,Greedy,0,0,0,0,0,0,0,0,0,0,0,0,0,0,0,0,0,0,0,0,0,0.02,1
2026-06-23T12:30:31.482611,73,0,0,0,0,ILP,0,0,0,0,0,0,0,0,0,0,0,0,0,0,0,0,0,0,0,0,0,0.01,0
2026-06-23T12:30:31.482688,73,0,0,0,0,GA,0,0,0,0,0,0,0,0,0,0,0,0,0,0,0,0,0,0,0,0,0,0.02,0
2026-06-23T12:30:31.483774,73,0,0,0,0,PPO,0,0,0,0,0,0,0,0,0,1.0,0
2026-06-23T12:30:34.783925,74,0,0,0,0,Greedy,0,0,0,0,0,0,0,0,0,0,0,0,0,0,0,0,0,0,0,0,0,0.02,1
2026-06-23T12:30:34.784052,74,0,0,0,0,ILP,0,0,0,0,0,0,0,0,0,0,0,0,0,0,0,0,0,0,0,0,0,0.01,0
2026-06-23T12:30:34.784111,74,0,0,0,0,GA,0,0,0,0,0,0,0,0,0,0,0,0,0,0,0,0,0,0,0,0,0,0.01,0
2026-06-23T12:30:34.784979,74,0,0,0,0,PPO,0,0,0,0,0,0,0,0,0,0.8,0
2026-06-23T12:30:38.115915,75,0,0,0,0,Greedy,0,0,0,0,0,0,0,0,0,0,0,0,0,0,0,0,0,0,0,0,0,0.02,1
2026-06-23T12:30:38.116087,75,0,0,0,0,ILP,0,0,0,0,0,0,0,0,0,0,0,0,0,0,0,0,0,0,0,0,0,0.01,0
2026-06-23T12:30:38.116166,75,0,0,0,0,GA,0,0,0,0,0,0,0,0,0,0,0,0,0,0,0,0,0,0,0,0,0,0.02,0
2026-06-23T12:30:38.117744,75,0,0,0,0,PPO,0,0,0,0,0,0,0,0,0,1.48,0
2026-06-23T12:30:41.439648,76,0,0,0,0,Greedy,0,0,0,0,0,0,0,0,0,0,0,0,0,0,0,0,0,0,0,0,0,0.02,1
2026-06-23T12:30:41.439762,76,0,0,0,0,ILP,0,0,0,0,0,0,0,0,0,0,0,0,0,0,0,0,0,0,0,0,0,0.01,0
2026-06-23T12:30:41.439821,76,0,0,0,0,GA,0,0,0,0,0,0,0,0,0,0,0,0,0,0,0,0,0,0,0,0,0,0.01,0
2026-06-23T12:30:41.440711,76,0,0,0,0,PPO,0,0,0,0,0,0,0,0,0,0.82,0
2026-06-23T12:30:44.763850,77,0,0,0,0,Greedy,0,0,0,0,0,0,0,0,0,0,0,0,0,0,0,0,0,0,0,0,0,0.02,1
2026-06-23T12:30:44.763966,77,0,0,0,0,ILP,0,0,0,0,0,0,0,0,0,0,0,0,0,0,0,0,0,0,0,0,0,0.01,0
2026-06-23T12:30:44.764029,77,0,0,0,0,GA,0,0,0,0,0,0,0,0,0,0,0,0,0,0,0,0,0,0,0,0,0,0.01,0
2026-06-23T12:30:44.764891,77,0,0,0,0,PPO,0,0,0,0,0,0,0,0,0,0.8,0
2026-06-23T12:30:48.086717,78,0,0,0,0,Greedy,0,0,0,0,0,0,0,0,0,0,0,0,0,0,0,0,0,0,0,0,0,0.02,1
2026-06-23T12:30:48.086833,78,0,0,0,0,ILP,0,0,0,0,0,0,0,0,0,0,0,0,0,0,0,0,0,0,0,0,0,0.01,0
2026-06-23T12:30:48.086883,78,0,0,0,0,GA,0,0,0,0,0,0,0,0,0,0,0,0,0,0,0,0,0,0,0,0,0,0.01,0
2026-06-23T12:30:48.087736,78,0,0,0,0,PPO,0,0,0,0,0,0,0,0,0,0.79,0
2026-06-23T12:30:51.377543,79,0,0,0,0,Greedy,0,0,0,0,0,0,0,0,0,0,0,0,0,0,0,0,0,0,0,0,0,0.02,1
2026-06-23T12:30:51.377652,79,0,0,0,0,ILP,0,0,0,0,0,0,0,0,0,0,0,0,0,0,0,0,0,0,0,0,0,0.01,0
2026-06-23T12:30:51.377704,79,0,0,0,0,GA,0,0,0,0,0,0,0,0,0,0,0,0,0,0,0,0,0,0,0,0,0,0.01,0
2026-06-23T12:30:51.378567,79,0,0,0,0,PPO,0,0,0,0,0,0,0,0,0,0.8,0
2026-06-23T12:30:54.765768,80,0,0,0,0,Greedy,0,0,0,0,0,0,0,0,0,0,0,0,0,0,0,0,0,0,0,0,0,0.03,1
2026-06-23T12:30:54.766014,80,0,0,0,0,ILP,0,0,0,0,0,0,0,0,0,0,0,0,0,0,0,0,0,0,0,0,0,0.03,0
2026-06-23T12:30:54.766167,80,0,0,0,0,GA,0,0,0,0,0,0,0,0,0,0,0,0,0,0,0,0,0,0,0,0,0,0.03,0
2026-06-23T12:30:54.768981,80,0,0,0,0,PPO,0,0,0,0,0,0,0,0,0,2.63,0
2026-06-23T12:30:58.068986,81,0,0,0,0,Greedy,0,0,0,0,0,0,0,0,0,0,0,0,0,0,0,0,0,0,0,0,0,0.02,1
2026-06-23T12:30:58.069111,81,0,0,0,0,ILP,0,0,0,0,0,0,0,0,0,0,0,0,0,0,0,0,0,0,0,0,0,0.01,0
2026-06-23T12:30:58.069169,81,0,0,0,0,GA,0,0,0,0,0,0,0,0,0,0,0,0,0,0,0,0,0,0,0,0,0,0.01,0
2026-06-23T12:30:58.070129,81,0,0,0,0,PPO,0,0,0,0,0,0,0,0,0,0.88,0
2026-06-23T12:31:01.366240,82,0,0,0,0,Greedy,0,0,0,0,0,0,0,0,0,0,0,0,0,0,0,0,0,0,0,0,0,0.02,1
2026-06-23T12:31:01.366372,82,0,0,0,0,ILP,0,0,0,0,0,0,0,0,0,0,0,0,0,0,0,0,0,0,0,0,0,0.01,0
2026-06-23T12:31:01.366428,82,0,0,0,0,GA,0,0,0,0,0,0,0,0,0,0,0,0,0,0,0,0,0,0,0,0,0,0.01,0
2026-06-23T12:31:01.367394,82,0,0,0,0,PPO,0,0,0,0,0,0,0,0,0,0.87,0
2026-06-23T12:31:04.670560,83,0,0,0,0,Greedy,0,0,0,0,0,0,0,0,0,0,0,0,0,0,0,0,0,0,0,0,0,0.02,1
2026-06-23T12:31:04.670669,83,0,0,0,0,ILP,0,0,0,0,0,0,0,0,0,0,0,0,0,0,0,0,0,0,0,0,0,0.01,0
2026-06-23T12:31:04.670722,83,0,0,0,0,GA,0,0,0,0,0,0,0,0,0,0,0,0,0,0,0,0,0,0,0,0,0,0.01,0
2026-06-23T12:31:04.671657,83,0,0,0,0,PPO,0,0,0,0,0,0,0,0,0,0.86,0
2026-06-23T12:31:07.981555,84,0,0,0,0,Greedy,0,0,0,0,0,0,0,0,0,0,0,0,0,0,0,0,0,0,0,0,0,0.02,1
2026-06-23T12:31:07.981764,84,0,0,0,0,ILP,0,0,0,0,0,0,0,0,0,0,0,0,0,0,0,0,0,0,0,0,0,0.02,0
2026-06-23T12:31:07.981864,84,0,0,0,0,GA,0,0,0,0,0,0,0,0,0,0,0,0,0,0,0,0,0,0,0,0,0,0.02,0
2026-06-23T12:31:07.982997,84,0,0,0,0,PPO,0,0,0,0,0,0,0,0,0,1.04,0
2026-06-23T12:31:11.284545,85,0,0,0,0,Greedy,0,0,0,0,0,0,0,0,0,0,0,0,0,0,0,0,0,0,0,0,0,0.02,1
2026-06-23T12:31:11.284658,85,0,0,0,0,ILP,0,0,0,0,0,0,0,0,0,0,0,0,0,0,0,0,0,0,0,0,0,0.01,0
2026-06-23T12:31:11.284716,85,0,0,0,0,GA,0,0,0,0,0,0,0,0,0,0,0,0,0,0,0,0,0,0,0,0,0,0.01,0
2026-06-23T12:31:11.285929,85,0,0,0,0,PPO,0,0,0,0,0,0,0,0,0,1.14,0
2026-06-23T12:31:14.579212,86,0,0,0,0,Greedy,0,0,0,0,0,0,0,0,0,0,0,0,0,0,0,0,0,0,0,0,0,0.02,1
2026-06-23T12:31:14.579323,86,0,0,0,0,ILP,0,0,0,0,0,0,0,0,0,0,0,0,0,0,0,0,0,0,0,0,0,0.01,0
2026-06-23T12:31:14.579376,86,0,0,0,0,GA,0,0,0,0,0,0,0,0,0,0,0,0,0,0,0,0,0,0,0,0,0,0.01,0
2026-06-23T12:31:14.580320,86,0,0,0,0,PPO,0,0,0,0,0,0,0,0,0,0.87,0
2026-06-23T12:31:17.906280,87,0,0,0,0,Greedy,0,0,0,0,0,0,0,0,0,0,0,0,0,0,0,0,0,0,0,0,0,0.02,1
2026-06-23T12:31:17.906391,87,0,0,0,0,ILP,0,0,0,0,0,0,0,0,0,0,0,0,0,0,0,0,0,0,0,0,0,0.01,0
2026-06-23T12:31:17.906446,87,0,0,0,0,GA,0,0,0,0,0,0,0,0,0,0,0,0,0,0,0,0,0,0,0,0,0,0.01,0
2026-06-23T12:31:17.907355,87,0,0,0,0,PPO,0,0,0,0,0,0,0,0,0,0.84,0
2026-06-23T12:31:21.214125,88,0,0,0,0,Greedy,0,0,0,0,0,0,0,0,0,0,0,0,0,0,0,0,0,0,0,0,0,0.01,1
2026-06-23T12:31:21.214250,88,0,0,0,0,ILP,0,0,0,0,0,0,0,0,0,0,0,0,0,0,0,0,0,0,0,0,0,0.01,0
2026-06-23T12:31:21.214314,88,0,0,0,0,GA,0,0,0,0,0,0,0,0,0,0,0,0,0,0,0,0,0,0,0,0,0,0.02,0
2026-06-23T12:31:21.215210,88,0,0,0,0,PPO,0,0,0,0,0,0,0,0,0,0.83,0
2026-06-23T12:31:24.514364,89,0,0,0,0,Greedy,0,0,0,0,0,0,0,0,0,0,0,0,0,0,0,0,0,0,0,0,0,0.02,1
2026-06-23T12:31:24.514511,89,0,0,0,0,ILP,0,0,0,0,0,0,0,0,0,0,0,0,0,0,0,0,0,0,0,0,0,0.01,0
2026-06-23T12:31:24.514572,89,0,0,0,0,GA,0,0,0,0,0,0,0,0,0,0,0,0,0,0,0,0,0,0,0,0,0,0.01,0
2026-06-23T12:31:24.515655,89,0,0,0,0,PPO,0,0,0,0,0,0,0,0,0,1.0,0
2026-06-23T12:31:27.829248,90,0,0,0,0,Greedy,0,0,0,0,0,0,0,0,0,0,0,0,0,0,0,0,0,0,0,0,0,0.02,1
2026-06-23T12:31:27.829371,90,0,0,0,0,ILP,0,0,0,0,0,0,0,0,0,0,0,0,0,0,0,0,0,0,0,0,0,0.01,0
2026-06-23T12:31:27.829429,90,0,0,0,0,GA,0,0,0,0,0,0,0,0,0,0,0,0,0,0,0,0,0,0,0,0,0,0.01,0
2026-06-23T12:31:27.830660,90,0,0,0,0,PPO,0,0,0,0,0,0,0,0,0,1.16,0
2026-06-23T12:31:31.154774,91,0,0,0,0,Greedy,0,0,0,0,0,0,0,0,0,0,0,0,0,0,0,0,0,0,0,0,0,0.02,1
2026-06-23T12:31:31.154886,91,0,0,0,0,ILP,0,0,0,0,0,0,0,0,0,0,0,0,0,0,0,0,0,0,0,0,0,0.01,0
2026-06-23T12:31:31.154941,91,0,0,0,0,GA,0,0,0,0,0,0,0,0,0,0,0,0,0,0,0,0,0,0,0,0,0,0.01,0
2026-06-23T12:31:31.156004,91,0,0,0,0,PPO,0,0,0,0,0,0,0,0,0,0.99,0
2026-06-23T12:31:34.573889,92,0,0,0,0,Greedy,0,0,0,0,0,0,0,0,0,0,0,0,0,0,0,0,0,0,0,0,0,0.02,1
2026-06-23T12:31:34.574051,92,0,0,0,0,ILP,0,0,0,0,0,0,0,0,0,0,0,0,0,0,0,0,0,0,0,0,0,0.01,0
2026-06-23T12:31:34.574117,92,0,0,0,0,GA,0,0,0,0,0,0,0,0,0,0,0,0,0,0,0,0,0,0,0,0,0,0.02,0
2026-06-23T12:31:34.575413,92,0,0,0,0,PPO,0,0,0,0,0,0,0,0,0,1.22,0
2026-06-23T12:31:37.890159,93,0,0,0,0,Greedy,0,0,0,0,0,0,0,0,0,0,0,0,0,0,0,0,0,0,0,0,0,0.02,1
2026-06-23T12:31:37.890310,93,0,0,0,0,ILP,0,0,0,0,0,0,0,0,0,0,0,0,0,0,0,0,0,0,0,0,0,0.02,0
2026-06-23T12:31:37.890378,93,0,0,0,0,GA,0,0,0,0,0,0,0,0,0,0,0,0,0,0,0,0,0,0,0,0,0,0.02,0
2026-06-23T12:31:37.891417,93,0,0,0,0,PPO,0,0,0,0,0,0,0,0,0,0.96,0
2026-06-23T12:31:41.188823,94,0,0,0,0,Greedy,0,0,0,0,0,0,0,0,0,0,0,0,0,0,0,0,0,0,0,0,0,0.02,1
2026-06-23T12:31:41.188965,94,0,0,0,0,ILP,0,0,0,0,0,0,0,0,0,0,0,0,0,0,0,0,0,0,0,0,0,0.01,0
2026-06-23T12:31:41.189061,94,0,0,0,0,GA,0,0,0,0,0,0,0,0,0,0,0,0,0,0,0,0,0,0,0,0,0,0.01,0
2026-06-23T12:31:41.190388,94,0,0,0,0,PPO,0,0,0,0,0,0,0,0,0,1.2,0
2026-06-23T12:31:44.498797,95,0,0,0,0,Greedy,0,0,0,0,0,0,0,0,0,0,0,0,0,0,0,0,0,0,0,0,0,0.02,1
2026-06-23T12:31:44.498923,95,0,0,0,0,ILP,0,0,0,0,0,0,0,0,0,0,0,0,0,0,0,0,0,0,0,0,0,0.01,0
2026-06-23T12:31:44.498979,95,0,0,0,0,GA,0,0,0,0,0,0,0,0,0,0,0,0,0,0,0,0,0,0,0,0,0,0.01,0
2026-06-23T12:31:44.500414,95,0,0,0,0,PPO,0,0,0,0,0,0,0,0,0,1.37,0
2026-06-23T12:31:47.805698,96,0,0,0,0,Greedy,0,0,0,0,0,0,0,0,0,0,0,0,0,0,0,0,0,0,0,0,0,0.02,1
2026-06-23T12:31:47.805874,96,0,0,0,0,ILP,0,0,0,0,0,0,0,0,0,0,0,0,0,0,0,0,0,0,0,0,0,0.02,0
2026-06-23T12:31:47.805956,96,0,0,0,0,GA,0,0,0,0,0,0,0,0,0,0,0,0,0,0,0,0,0,0,0,0,0,0.02,0
2026-06-23T12:31:47.807301,96,0,0,0,0,PPO,0,0,0,0,0,0,0,0,0,1.24,0
2026-06-23T12:31:51.107860,97,0,0,0,0,Greedy,0,0,0,0,0,0,0,0,0,0,0,0,0,0,0,0,0,0,0,0,0,0.01,1
2026-06-23T12:31:51.107983,97,0,0,0,0,ILP,0,0,0,0,0,0,0,0,0,0,0,0,0,0,0,0,0,0,0,0,0,0.01,0
2026-06-23T12:31:51.108043,97,0,0,0,0,GA,0,0,0,0,0,0,0,0,0,0,0,0,0,0,0,0,0,0,0,0,0,0.01,0
2026-06-23T12:31:51.108925,97,0,0,0,0,PPO,0,0,0,0,0,0,0,0,0,0.82,0
2026-06-23T12:31:54.404849,98,0,0,0,0,Greedy,0,0,0,0,0,0,0,0,0,0,0,0,0,0,0,0,0,0,0,0,0,0.02,1
2026-06-23T12:31:54.404956,98,0,0,0,0,ILP,0,0,0,0,0,0,0,0,0,0,0,0,0,0,0,0,0,0,0,0,0,0.01,0
2026-06-23T12:31:54.405009,98,0,0,0,0,GA,0,0,0,0,0,0,0,0,0,0,0,0,0,0,0,0,0,0,0,0,0,0.01,0
2026-06-23T12:31:54.405864,98,0,0,0,0,PPO,0,0,0,0,0,0,0,0,0,0.77,0
2026-06-23T12:31:57.709226,99,0,0,0,0,Greedy,0,0,0,0,0,0,0,0,0,0,0,0,0,0,0,0,0,0,0,0,0,0.02,1
2026-06-23T12:31:57.709392,99,0,0,0,0,ILP,0,0,0,0,0,0,0,0,0,0,0,0,0,0,0,0,0,0,0,0,0,0.01,0
2026-06-23T12:31:57.709472,99,0,0,0,0,GA,0,0,0,0,0,0,0,0,0,0,0,0,0,0,0,0,0,0,0,0,0,0.02,0
2026-06-23T12:31:57.710717,99,0,0,0,0,PPO,0,0,0,0,0,0,0,0,0,1.15,0
2026-06-23T12:32:01.015406,100,0,0,0,0,Greedy,0,0,0,0,0,0,0,0,0,0,0,0,0,0,0,0,0,0,0,0,0,0.01,1
2026-06-23T12:32:01.015515,100,0,0,0,0,ILP,0,0,0,0,0,0,0,0,0,0,0,0,0,0,0,0,0,0,0,0,0,0.01,0
2026-06-23T12:32:01.015565,100,0,0,0,0,GA,0,0,0,0,0,0,0,0,0,0,0,0,0,0,0,0,0,0,0,0,0,0.01,0
2026-06-23T12:32:01.016721,100,0,0,0,0,PPO,0,0,0,0,0,0,0,0,0,1.09,0
2026-06-23T12:32:04.311707,101,0,0,0,0,Greedy,0,0,0,0,0,0,0,0,0,0,0,0,0,0,0,0,0,0,0,0,0,0.02,1
2026-06-23T12:32:04.311826,101,0,0,0,0,ILP,0,0,0,0,0,0,0,0,0,0,0,0,0,0,0,0,0,0,0,0,0,0.01,0
2026-06-23T12:32:04.311886,101,0,0,0,0,GA,0,0,0,0,0,0,0,0,0,0,0,0,0,0,0,0,0,0,0,0,0,0.01,0
2026-06-23T12:32:04.312821,101,0,0,0,0,PPO,0,0,0,0,0,0,0,0,0,0.86,0
2026-06-23T12:32:07.617276,102,0,0,0,0,Greedy,0,0,0,0,0,0,0,0,0,0,0,0,0,0,0,0,0,0,0,0,0,0.02,1
2026-06-23T12:32:07.617408,102,0,0,0,0,ILP,0,0,0,0,0,0,0,0,0,0,0,0,0,0,0,0,0,0,0,0,0,0.01,0
2026-06-23T12:32:07.617471,102,0,0,0,0,GA,0,0,0,0,0,0,0,0,0,0,0,0,0,0,0,0,0,0,0,0,0,0.01,0
2026-06-23T12:32:07.618523,102,0,0,0,0,PPO,0,0,0,0,0,0,0,0,0,0.96,0
2026-06-23T12:32:10.913163,103,0,0,0,0,Greedy,0,0,0,0,0,0,0,0,0,0,0,0,0,0,0,0,0,0,0,0,0,0.02,1
2026-06-23T12:32:10.913284,103,0,0,0,0,ILP,0,0,0,0,0,0,0,0,0,0,0,0,0,0,0,0,0,0,0,0,0,0.01,0
2026-06-23T12:32:10.913340,103,0,0,0,0,GA,0,0,0,0,0,0,0,0,0,0,0,0,0,0,0,0,0,0,0,0,0,0.01,0
2026-06-23T12:32:10.914373,103,0,0,0,0,PPO,0,0,0,0,0,0,0,0,0,0.97,0
2026-06-23T12:32:14.356797,104,0,0,0,0,Greedy,0,0,0,0,0,0,0,0,0,0,0,0,0,0,0,0,0,0,0,0,0,0.02,1
2026-06-23T12:32:14.356952,104,0,0,0,0,ILP,0,0,0,0,0,0,0,0,0,0,0,0,0,0,0,0,0,0,0,0,0,0.01,0
2026-06-23T12:32:14.357013,104,0,0,0,0,GA,0,0,0,0,0,0,0,0,0,0,0,0,0,0,0,0,0,0,0,0,0,0.01,0
2026-06-23T12:32:14.358258,104,0,0,0,0,PPO,0,0,0,0,0,0,0,0,0,1.15,0
2026-06-23T12:32:17.653030,105,0,0,0,0,Greedy,0,0,0,0,0,0,0,0,0,0,0,0,0,0,0,0,0,0,0,0,0,0.02,1
2026-06-23T12:32:17.653151,105,0,0,0,0,ILP,0,0,0,0,0,0,0,0,0,0,0,0,0,0,0,0,0,0,0,0,0,0.01,0
2026-06-23T12:32:17.653204,105,0,0,0,0,GA,0,0,0,0,0,0,0,0,0,0,0,0,0,0,0,0,0,0,0,0,0,0.01,0
2026-06-23T12:32:17.654391,105,0,0,0,0,PPO,0,0,0,0,0,0,0,0,0,1.12,0
2026-06-23T12:32:20.960134,106,0,0,0,0,Greedy,0,0,0,0,0,0,0,0,0,0,0,0,0,0,0,0,0,0,0,0,0,0.02,1
2026-06-23T12:32:20.960271,106,0,0,0,0,ILP,0,0,0,0,0,0,0,0,0,0,0,0,0,0,0,0,0,0,0,0,0,0.01,0
2026-06-23T12:32:20.960352,106,0,0,0,0,GA,0,0,0,0,0,0,0,0,0,0,0,0,0,0,0,0,0,0,0,0,0,0.01,0
2026-06-23T12:32:20.961305,106,0,0,0,0,PPO,0,0,0,0,0,0,0,0,0,0.88,0
2026-06-23T12:32:24.284181,107,0,0,0,0,Greedy,0,0,0,0,0,0,0,0,0,0,0,0,0,0,0,0,0,0,0,0,0,0.02,1
2026-06-23T12:32:24.284297,107,0,0,0,0,ILP,0,0,0,0,0,0,0,0,0,0,0,0,0,0,0,0,0,0,0,0,0,0.01,0
2026-06-23T12:32:24.284352,107,0,0,0,0,GA,0,0,0,0,0,0,0,0,0,0,0,0,0,0,0,0,0,0,0,0,0,0.01,0
2026-06-23T12:32:24.285268,107,0,0,0,0,PPO,0,0,0,0,0,0,0,0,0,0.84,0
2026-06-23T12:32:27.584323,108,0,0,0,0,Greedy,0,0,0,0,0,0,0,0,0,0,0,0,0,0,0,0,0,0,0,0,0,0.02,1
2026-06-23T12:32:27.584430,108,0,0,0,0,ILP,0,0,0,0,0,0,0,0,0,0,0,0,0,0,0,0,0,0,0,0,0,0.01,0
2026-06-23T12:32:27.584480,108,0,0,0,0,GA,0,0,0,0,0,0,0,0,0,0,0,0,0,0,0,0,0,0,0,0,0,0.01,0
2026-06-23T12:32:27.585413,108,0,0,0,0,PPO,0,0,0,0,0,0,0,0,0,0.87,0
2026-06-23T12:32:30.938152,109,0,0,0,0,Greedy,0,0,0,0,0,0,0,0,0,0,0,0,0,0,0,0,0,0,0,0,0,0.02,1
2026-06-23T12:32:30.938295,109,0,0,0,0,ILP,0,0,0,0,0,0,0,0,0,0,0,0,0,0,0,0,0,0,0,0,0,0.01,0
2026-06-23T12:32:30.938361,109,0,0,0,0,GA,0,0,0,0,0,0,0,0,0,0,0,0,0,0,0,0,0,0,0,0,0,0.01,0
2026-06-23T12:32:30.939395,109,0,0,0,0,PPO,0,0,0,0,0,0,0,0,0,0.96,0
